,ID,date,time,x,y,fix,nSat,altitude,altitudeUnit,height,heightUnit,hError,checksum,typename,sub category,note,n,energifyn,fjernvarme,geodanmark,kortopslag,samaqua
0,27,13/11/2020,102212.85,587254.054,6141141.681,4,12,4.018,M,39.447,M,0.9,0015*4F,Bench,,,0,,,,,
1,28,13/11/2020,102253.25,587251.8687,6141142.589,4,12,4.491,M,39.447,M,1.3,0015*4A,Bench,,,1,,,,,
2,29,13/11/2020,102305,587253.9161,6141143.787,4,12,4.544,M,39.447,M,1,0015*40,Bench,,,2,,,,,
3,36,13/11/2020,102648.75,587240.3218,6141107.424,4,13,4.514,M,39.447,M,1.8,0015*44,Bench,,,3,,,,,
4,37,13/11/2020,102700.7,587241.6752,6141104.099,4,13,4.501,M,39.447,M,1.7,0015*4E,Bench,,,4,,,,,
5,45,13/11/2020,103001.3,587235.6751,6141077.565,4,13,4.492,M,39.447,M,1.3,0015*4F,Bench,,,5,,,,,
6,82,13/11/2020,105438.7,587293.2634,6141012.822,4,13,4.871,M,39.447,M,1.7,0015*4A,Bench,,,6,,,,,
7,83,13/11/2020,105529.9,587309.2593,6141028.03,4,12,4.77,M,39.447,M,0.9,0015*48,Bench,,,7,,,,,
8,133,13/11/2020,112758.45,587339.9947,6141152.151,4,13,4.208,M,39.447,M,1.5,0015*40,Bench,,,8,,,,,
9,134,13/11/2020,112829.35,587341.4419,6141149.853,4,12,4.207,M,39.447,M,1.4,0015*49,Bench,,,9,,,,,
10,148,13/11/2020,114033.95,587312.5525,6141073.333,4,11,4.131,M,39.447,M,0.9,0015*47,Bench,,,10,,,,,
11,149,13/11/2020,114055.75,587312.9768,6141069.564,4,12,4.489,M,39.447,M,1.8,0015*4F,Bench,,,11,,,,,
12,150,13/11/2020,114120.55,587310.3934,6141068.027,4,12,4.426,M,39.447,M,1.5,0015*44,Bench,,,12,,,,,
13,151,13/11/2020,114151.7,587307.7648,6141066.592,4,12,4.425,M,39.447,M,1.7,0015*44,Bench,,,13,,,,,
14,157,13/11/2020,114828.3,587337.6689,6141129.635,4,6,3.965,M,39.447,M,1.3,0015*49,Building Corner,,,14,,,,,
15,158,13/11/2020,114924.7,587320.2805,6141160.044,4,11,3.968,M,39.447,M,1.7,0015*45,Building Corner,,,15,,,,,
16,163,13/11/2020,115147.65,587271.6713,6141132.122,4,6,3.921,M,39.447,M,1.6,0015*41,Building Corner,,,16,,,,,
17,164,13/11/2020,115241.55,587289.1498,6141101.85,4,7,3.74,M,39.447,M,1.5,0015*43,Building Corner,,,17,,,,,
18,165,13/11/2020,115418.35,587354.5977,6141100.087,4,11,3.926,M,39.447,M,1.4,0015*46,Building Corner,,,18,,,,,
19,12,13/11/2020,101147.95,587318.1794,6141169.323,4,14,3.745,M,39.447,M,2,0015*4F,Downspout Grille,,,19,,,,,
20,16,13/11/2020,101505.65,587273.3886,6141195.538,4,14,4.059,M,39.447,M,1.6,0015*40,Downspout Grille,,,20,,,,,
21,17,13/11/2020,101533.95,587263.0823,6141188.759,4,14,4.007,M,39.447,M,2,0015*42,Downspout Grille,,,21,,,,,
22,19,13/11/2020,101706.85,587252.8994,6141174.305,4,14,4.015,M,39.447,M,1.9,0015*4F,Downspout Grille,,,22,,,,,
23,22,13/11/2020,101931.85,587289.7692,6141153.417,4,13,3.746,M,39.447,M,0.9,0015*4A,Downspout Grille,,,23,,,,,
24,23,13/11/2020,102007.3,587274.5316,6141144.713,4,13,3.835,M,39.447,M,1.3,0015*4E,Downspout Grille,,,24,,,,,
25,31,13/11/2020,102428.8,587246.1316,6141129.168,4,13,3.813,M,39.447,M,1.8,0015*46,Downspout Grille,,,25,,,,,
26,33,13/11/2020,102544.25,587231.0874,6141112.707,4,14,3.793,M,39.447,M,1.3,0015*4F,Downspout Grille,,,26,,,46,,
27,38,13/11/2020,102733.35,587239.702,6141099.638,4,13,3.734,M,39.447,M,1.4,0015*46,Downspout Grille,,,27,,,,,
28,40,13/11/2020,102819.65,587224.4493,6141097.698,4,12,3.764,M,39.447,M,1.6,0015*49,Downspout Grille,,,28,,,38,,
29,42,13/11/2020,102901.65,587224.2537,6141083.745,4,12,3.79,M,39.447,M,1.6,0015*47,Downspout Grille,,,29,,,43,,
30,43,13/11/2020,102921.4,587230.7991,6141083.279,4,12,3.767,M,39.447,M,1.4,0015*46,Downspout Grille,,,30,,,50,,
31,46,13/11/2020,103026.05,587239.4594,6141069.826,4,13,3.751,M,39.447,M,1,0015*49,Downspout Grille,,,31,,,40,,
32,48,13/11/2020,103128.7,587224.1748,6141068.887,4,13,3.799,M,39.447,M,1.7,0015*40,Downspout Grille,,,32,,,52,,
33,49,13/11/2020,103201.65,587223.9948,6141053.826,4,14,3.782,M,39.447,M,1.6,0015*4B,Downspout Grille,,,33,,,54,,
34,51,13/11/2020,103327.15,587223.7879,6141008.897,4,14,3.773,M,39.447,M,1.1,0015*42,Downspout Grille,,,34,,,,,
35,52,13/11/2020,103418.65,587229.7433,6141024.162,5,13,-1.462,M,39.447,M,1.6,0015*64,Downspout Grille,,,35,,,,,
36,54,13/11/2020,103540.3,587239.1211,6141024.695,4,12,3.673,M,39.447,M,1.3,0015*45,Downspout Grille,,,36,,,,,
37,55,13/11/2020,103603.5,587239.2335,6141038.949,4,13,3.688,M,39.447,M,1.5,0015*41,Downspout Grille,,,37,,,42,,
38,59,13/11/2020,103917.5,587252.0314,6141058.416,4,11,3.66,M,39.447,M,1.5,0015*4C,Downspout Grille,,,38,,,,,
39,66,13/11/2020,104333.15,587272.3073,6141102.441,4,11,3.688,M,39.447,M,1.1,0015*48,Downspout Grille,,,39,,,,,
40,68,13/11/2020,104435.05,587253.2092,6141093.26,4,9,3.669,M,39.447,M,1,0015*43,Downspout Grille,,,40,,,,,
41,69,13/11/2020,104514.65,587260.718,6141118.758,4,12,3.924,M,39.447,M,1.6,0015*45,Downspout Grille,,,41,,,,,
42,70,13/11/2020,104533.3,587262.403,6141119.641,4,13,3.829,M,39.447,M,1.3,0015*42,Downspout Grille,,,42,,,,,
43,73,13/11/2020,104906.6,587269.5777,6141125.774,4,9,3.778,M,39.447,M,1.6,0015*4D,Downspout Grille,,,43,,,,,
44,75,13/11/2020,104956.35,587278.7761,6141110,4,9,3.672,M,39.447,M,1.4,0015*45,Downspout Grille,,,44,,,,,
45,76,13/11/2020,105017.4,587272.371,6141102.425,4,12,3.706,M,39.447,M,1.4,0015*42,Downspout Grille,,,45,,,,,
46,77,13/11/2020,105028.45,587270.6887,6141101.343,4,13,3.698,M,39.447,M,1.5,0015*42,Downspout Grille,,,46,,,,,
47,78,13/11/2020,105101.7,587286.9638,6141095.12,4,12,3.597,M,39.447,M,1.7,0015*41,Downspout Grille,,,47,,,,,
48,85,13/11/2020,105848.75,587314.5374,6141047.573,4,8,3.879,M,39.447,M,0.8,0015*41,Downspout Grille,,,48,,,,,
49,87,13/11/2020,105948.2,587322.0632,6141034.684,4,11,3.873,M,39.447,M,1.2,0015*46,Downspout Grille,,,49,,,,,
50,91,13/11/2020,110126.95,587329.9725,6141048.819,4,7,3.757,M,39.447,M,0.9,0015*4E,Downspout Grille,,,50,,,14,,
51,96,13/11/2020,110406.15,587347.4277,6141059.215,4,7,3.915,M,39.447,M,1.1,0015*44,Downspout Grille,,,51,,,51,,
52,98,13/11/2020,110459.15,587354.9997,6141063.459,4,5,3.856,M,39.447,M,5.2,0015*70,Downspout Grille,,,52,,,,,
53,100,13/11/2020,110815.8,587363.1129,6141068.318,4,6,3.843,M,39.447,M,1.8,0015*45,Downspout Grille,,,53,,,55,,
54,107,13/11/2020,111422.45,587387.5939,6141075.296,4,10,3.802,M,39.447,M,1.5,0015*4B,Downspout Grille,,,54,,,47,,
55,114,13/11/2020,111836.65,587373.5913,6141099.645,4,11,3.776,M,39.447,M,1.6,0015*41,Downspout Grille,,,55,,,,,
56,116,13/11/2020,111950.35,587366.3662,6141112.187,4,13,3.754,M,39.447,M,1.4,0015*47,Downspout Grille,,,56,,,,13,
57,119,13/11/2020,112130.05,587356.135,6141109.854,4,13,3.81,M,39.447,M,1,0015*4A,Downspout Grille,,,57,,,,17,
58,122,13/11/2020,112252.85,587359.1088,6141124.86,4,12,3.734,M,39.447,M,0.9,0015*4F,Downspout Grille,,,58,,,44,14,
59,124,13/11/2020,112343.1,587351.9514,6141137.409,4,10,3.734,M,39.447,M,1.1,0015*49,Downspout Grille,,,59,,,,15,
60,130,13/11/2020,112630.05,587328.969,6141150.89,4,9,3.793,M,39.447,M,2,0015*4C,Downspout Grille,,,60,,,,16,
61,131,13/11/2020,112659.4,587337.4007,6141162.814,4,10,3.696,M,39.447,M,1.4,0015*4F,Downspout Grille,,,61,,,41,,
62,132,13/11/2020,112730.9,587344.7151,6141150.134,4,12,3.689,M,39.447,M,1.9,0015*48,Downspout Grille,,,62,,,,18,
63,135,13/11/2020,113102.75,587266.6269,6141175.755,4,13,3.968,M,39.447,M,1.8,0015*4C,Downspout Grille,,,63,,,,,
64,141,13/11/2020,113529.95,587341.1648,6141100.955,4,9,4.047,M,39.447,M,2,0015*4B,Downspout Grille,,,64,,,,,
65,142,13/11/2020,113619.6,587329.6397,6141094.529,4,10,4.02,M,39.447,M,1.6,0015*4C,Downspout Grille,,,65,,,,,
66,145,13/11/2020,113913.15,587302.594,6141068.418,4,11,3.773,M,39.447,M,1.1,0015*44,Downspout Grille,,,66,,,59,,
67,154,13/11/2020,114444.8,587331.4461,6141087.11,4,9,3.781,M,39.447,M,0.8,0015*48,Downspout Grille,,,67,,,,,
68,159,13/11/2020,115003.45,587315.0781,6141158.958,4,10,3.828,M,39.447,M,1.5,0015*4F,Downspout Grille,,,68,,,,,
69,160,13/11/2020,115034.75,587295.7189,6141147.917,4,11,3.836,M,39.447,M,0.8,0015*4C,Downspout Grille,,,69,,,,,
70,161,13/11/2020,115055.95,587291.0415,6141145.363,4,10,4.004,M,39.447,M,2,0015*4E,Downspout Grille,,,70,,,,,
71,162,13/11/2020,115126.2,587275.3948,6141136.145,4,10,3.858,M,39.447,M,1.2,0015*4F,Downspout Grille,,,71,,,,,
72,64,13/11/2020,104251.05,587275.294,6141090.239,4,12,3.814,M,39.447,M,2,0015*4B,Fuse Box,,,72,58,,,,
73,11,13/11/2020,100924.75,587327.9927,6141174.104,4,11,3.643,M,39.447,M,0.8,0015*44,Light Fixture,Three lights,,73,"11,32,35",,24,,
74,14,13/11/2020,101324.55,587307.4172,6141182.478,4,13,4.136,M,39.447,M,1.5,0015*48,Light Fixture,Three lights,,74,"33,34",,27,,
75,15,13/11/2020,101422.9,587292.6534,6141208.432,4,13,4.122,M,39.447,M,0.9,0015*4B,Light Fixture,,,75,,,,,
76,18,13/11/2020,101615.35,587239.3488,6141179.942,4,14,4.097,M,39.447,M,1.4,0015*4F,Light Fixture,,,76,,,19,,
77,21,13/11/2020,101858.6,587299.2621,6141158.804,4,12,3.869,M,39.447,M,1.6,0015*4A,Light Fixture,,,77,"24,31,36,37",,28,,
78,24,13/11/2020,102038,587268.2461,6141141.202,4,10,4.045,M,39.447,M,1,0015*46,Light Fixture,,,78,"23,30,38,39",,30,,
79,32,13/11/2020,102452.65,587247.1382,6141129.093,4,13,3.844,M,39.447,M,0.6,0015*47,Light Fixture,,,79,"21,22,29,40",,22,,
80,56,13/11/2020,103648.55,587260.2454,6141015.122,4,8,4.148,M,39.447,M,1.5,0015*4B,Light Fixture,Very big lamppost,,80,,,26,,
81,58,13/11/2020,103844.05,587260.3575,6141056.312,4,8,4.072,M,39.447,M,1,0015*4A,Light Fixture,Very big lamppost,,81,,,21,,
82,60,13/11/2020,104021.75,587255.5907,6141062.809,4,10,4.027,M,39.447,M,1.8,0015*48,Light Fixture,,,82,"18,20,27",,,,
83,62,13/11/2020,104141.55,587278.1944,6141074.78,4,10,3.714,M,39.447,M,1.5,0015*43,Light Fixture,,,83,"16,17,28,47,48",,23,,
84,67,13/11/2020,104404.8,587262.2616,6141102.926,4,13,3.898,M,39.447,M,1.8,0015*46,Light Fixture,,,84,"1,19,41,42",,29,,
85,80,13/11/2020,105304.25,587288.6388,6141056.77,4,10,3.803,M,39.447,M,1.3,0015*4B,Light Fixture,,,85,"12,26,51",,,,
86,81,13/11/2020,105405.65,587288.4611,6141025.712,4,8,4.168,M,39.447,M,1.6,0015*44,Light Fixture,,,86,"0,52,53",,,,
87,97,13/11/2020,110425,587352.3604,6141062.472,4,5,3.886,M,39.447,M,5,0015*71,Light Fixture,,,87,"6,54",,,,
88,110,13/11/2020,111520.95,587381.9535,6141079.782,4,8,3.862,M,39.447,M,2,0015*4D,Light Fixture,,,88,"9,25,55",,31,,
89,111,13/11/2020,111619.55,587376.9999,6141066.056,4,10,3.963,M,39.447,M,1.5,0015*4C,Light Fixture,,,89,57,,,,
90,112,13/11/2020,111642.9,587376.2632,6141056.67,5,7,-2.337,M,39.447,M,0.9,0015*53,Light Fixture,,,90,56,,,,
91,113,13/11/2020,111735.85,587370.1913,6141074.294,4,9,4.119,M,39.447,M,0.9,0015*49,Light Fixture,,,91,,,,,
92,120,13/11/2020,112153.6,587358.1426,6141120.946,4,11,3.793,M,39.447,M,1.6,0015*4A,Light Fixture,,,92,"3,10,43",,20,,
93,143,13/11/2020,113703.75,587320.0779,6141099.004,4,11,4.192,M,39.447,M,1.8,0015*4F,Light Fixture,,,93,"2,13,46",,,,
94,144,13/11/2020,113817.75,587299.48,6141087.492,4,12,4.217,M,39.447,M,1.8,0015*4C,Light Fixture,,,94,"7,14,15",,,,
95,153,13/11/2020,114343.1,587333.0338,6141076.221,5,7,3.545,M,39.447,M,1.1,0015*45,Light Fixture,,,95,"49,50",,,,
96,30,13/11/2020,102326.55,587259.4387,6141134.679,4,12,3.895,M,39.447,M,1.5,0015*4D,Manhole Cover,Square,,96,,,18,,6
97,39,13/11/2020,102806.85,587225.0913,6141098.378,4,12,3.716,M,39.447,M,1.9,0015*46,Manhole Cover,Small Manhole Cover,,97,,,,,
98,50,13/11/2020,103246.15,587224.5794,6141038.275,4,13,3.764,M,39.447,M,1.1,0015*4B,Manhole Cover,Medium Manhole Cover,,98,,,,,
99,57,13/11/2020,103758.1,587257.8683,6141033.897,5,4,5.387,M,39.447,M,1.1,0015*4E,Manhole Cover,Small Manhole Cover,,99,,,,,
100,61,13/11/2020,104115.45,587277.9048,6141067.247,4,13,3.705,M,39.447,M,1.5,0015*47,Manhole Cover,,,100,,,,,
101,84,13/11/2020,105826.45,587317.7763,6141040.967,4,10,3.992,M,39.447,M,1.5,0015*46,Manhole Cover,,,101,,,15,,1
102,86,13/11/2020,105925.5,587316.9339,6141045.695,4,8,3.979,M,39.447,M,1.5,0015*48,Manhole Cover,Small Manhole Cover,,102,,,,,
103,88,13/11/2020,110013.45,587324.1924,6141045.911,4,10,3.887,M,39.447,M,1.5,0015*4F,Manhole Cover,,,103,,,,,
104,89,13/11/2020,110043.05,587331.0162,6141044.446,4,8,3.977,M,39.447,M,1,0015*47,Manhole Cover,,,104,,,,,
105,90,13/11/2020,110106.05,587328.5509,6141048.166,4,8,3.924,M,39.447,M,1,0015*45,Manhole Cover,,,105,,,14,,
106,92,13/11/2020,110150.35,587332.1922,6141050.91,4,6,4.078,M,39.447,M,1.4,0015*49,Manhole Cover,Small Manhole Cover,,106,,,,,
107,93,13/11/2020,110234.45,587340.9673,6141050.436,4,10,4.132,M,39.447,M,1.5,0015*49,Manhole Cover,Small Manhole Cover,,107,,,,,
108,94,13/11/2020,110252.2,587342.1836,6141049.466,4,8,4.234,M,39.447,M,1.2,0015*4C,Manhole Cover,Square (looks different),,108,,,,,
109,95,13/11/2020,110312.95,587342.6588,6141047.636,4,9,4.348,M,39.447,M,2,0015*44,Manhole Cover,Small Manhole Cover,,109,,,58,,
110,99,13/11/2020,110706.95,587372.2542,6141069.053,4,9,3.95,M,39.447,M,2,0015*43,Manhole Cover,Small Square,,110,,,,,
111,101,13/11/2020,110856.95,587369.0204,6141061.734,4,7,5.053,M,39.447,M,2,0015*46,Manhole Cover,,,111,,,56,,
112,103,13/11/2020,111136.45,587375.6675,6141065.633,4,10,4.006,M,39.447,M,1.5,0015*43,Manhole Cover,Small Manhole Cover,,112,,,39,,
113,104,13/11/2020,111153.95,587375.8187,6141064.618,4,8,3.982,M,39.447,M,0.9,0015*4B,Manhole Cover,Small Manhole Cover,,113,,,37,,
114,105,13/11/2020,111218.15,587376.915,6141062.386,4,6,4.187,M,39.447,M,1.1,0015*4F,Manhole Cover,Small Manhole Cover,,114,,,53,,
115,106,13/11/2020,111236.35,587378.9548,6141058.436,4,6,3.873,M,39.447,M,1.4,0015*48,Manhole Cover,Small Manhole Cover,,115,,,46,,
116,108,13/11/2020,111449,587384.4761,6141077.522,4,11,3.793,M,39.447,M,1,0015*4A,Manhole Cover,"Square, half of it is always covered",,116,,,16,,
117,109,13/11/2020,111506.8,587380.9751,6141077.923,4,10,3.83,M,39.447,M,1.8,0015*4A,Manhole Cover,,,117,,,17,,5
118,117,13/11/2020,112005.7,587365.769,6141111.418,4,13,3.746,M,39.447,M,1.7,0015*44,Manhole Cover,Small Manhole Cover,,118,,,,,
119,118,13/11/2020,112052.95,587360.4147,6141091.323,4,9,3.905,M,39.447,M,0.9,0015*4D,Manhole Cover,Small Manhole Cover,,119,,,,,
120,121,13/11/2020,112232.35,587354.904,6141123.609,4,13,3.79,M,39.447,M,1.4,0015*40,Manhole Cover,,,120,,,,,0
121,126,13/11/2020,112456.05,587334.3509,6141138.863,4,9,3.914,M,39.447,M,1,0015*4C,Manhole Cover,Small Manhole Cover,,121,,,,,
122,127,13/11/2020,112513.1,587332.6364,6141139.564,4,9,3.961,M,39.447,M,1.1,0015*46,Manhole Cover,Small Manhole Cover,,122,,,,,
123,128,13/11/2020,112530.15,587330.9107,6141143.774,4,9,3.981,M,39.447,M,1.1,0015*4B,Manhole Cover,Small Manhole Cover,,123,,,,,
124,129,13/11/2020,112552.6,587326.5234,6141150.65,4,9,3.952,M,39.447,M,1.6,0015*4B,Manhole Cover,Small Manhole Cover,,124,,,,,
125,136,13/11/2020,113300.6,587338.3971,6141131.24,4,9,3.884,M,39.447,M,1.6,0015*45,Manhole Cover,Small Manhole Cover,,125,,,,,
126,137,13/11/2020,113332.1,587342.5284,6141116.512,4,11,4.204,M,39.447,M,1.1,0015*43,Manhole Cover,Big and grey,Belongs to vandcenter syd,126,,,,,4
127,138,13/11/2020,113356.25,587344.9949,6141112.474,4,11,4.174,M,39.447,M,1.3,0015*46,Manhole Cover,Big and grey,Belongs to vandcenter syd,127,,,,,8
128,139,13/11/2020,113432.9,587352.0602,6141102.881,4,12,3.983,M,39.447,M,0.9,0015*4A,Manhole Cover,,,128,,,,,
129,140,13/11/2020,113454.95,587353.6026,6141101.722,4,11,3.962,M,39.447,M,0.9,0015*4E,Manhole Cover,,,129,,,,,
130,146,13/11/2020,113934.15,587308.0671,6141064.059,4,10,3.965,M,39.447,M,1.1,0015*49,Manhole Cover,Square,,130,,,,,
131,147,13/11/2020,114007.5,587320.2315,6141074.22,4,11,3.985,M,39.447,M,1.5,0015*49,Manhole Cover,Square,,131,,,,,
132,156,13/11/2020,114615.55,587340.994,6141093.274,4,8,3.617,M,39.447,M,1.5,0015*46,Manhole Cover,Small Square,,132,,,,,
133,13,13/11/2020,101246.95,587326.6711,6141184.542,4,14,4.017,M,39.447,M,0.9,0015*4A,Trash Can,,,133,,,,,
134,20,13/11/2020,101831.55,587297.2578,6141160.486,4,13,4.018,M,39.447,M,1.5,0015*47,Trash Can,,,134,,,,,
135,26,13/11/2020,102134.95,587255.0479,6141144.423,4,12,4.211,M,39.447,M,2,0015*43,Trash Can,,,135,,,,,
136,34,13/11/2020,102611.85,587241.703,6141110.437,4,14,3.901,M,39.447,M,1.9,0015*41,Trash Can,,,136,,,,,
137,35,13/11/2020,102628.9,587242.4411,6141109.303,4,14,3.808,M,39.447,M,0.9,0015*42,Trash Can,,,137,,,,,
138,47,13/11/2020,103047.1,587242.4057,6141072.422,4,12,3.841,M,39.447,M,1.1,0015*40,Trash Can,,,138,,,,,
139,53,13/11/2020,103458.7,587229.1689,6141007.361,4,11,3.767,M,39.447,M,1.7,0015*46,Trash Can,,,139,,,,,
140,63,13/11/2020,104213.15,587285.6127,6141078.757,4,12,3.735,M,39.447,M,1.1,0015*42,Trash Can,,,140,,,,,
141,71,13/11/2020,104552.3,587257.4239,6141123.366,4,9,4.034,M,39.447,M,1.3,0015*42,Trash Can,,,141,,,,,
142,74,13/11/2020,104918.7,587272.036,6141127.396,4,6,3.976,M,39.447,M,1.7,0015*4C,Trash Can,Grey,,142,,,,,
143,79,13/11/2020,105229.85,587295.0441,6141070.411,4,12,3.931,M,39.447,M,0.9,0015*4F,Trash Can,,,143,,,,,
144,115,13/11/2020,111905.05,587371.1348,6141103.754,4,12,3.902,M,39.447,M,1,0015*48,Trash Can,,,144,,,,,
145,123,13/11/2020,112317.3,587352.985,6141135.621,4,10,3.811,M,39.447,M,1.3,0015*43,Trash Can,,,145,,,,,
146,152,13/11/2020,114228.35,587319.6575,6141078.416,4,11,3.908,M,39.447,M,1.4,0015*4B,Trash Can,,,146,,,,,
147,155,13/11/2020,114519.1,587341.6682,6141091.152,4,5,3.68,M,39.447,M,13.1,0015*76,Trash Can,,,147,,,,,
148,25,13/11/2020,102112.55,587256.8776,6141145.193,4,9,4.209,M,39.447,M,1.5,0015*43,Tree,,,148,,,35,19,
