ID,date,time,lat,latDir,lon,lonDir,fix,nSat,altitude,altitudeUnit,height,heightUnit,hError,checksum,typename,sub category,note
11,13/11/2020,100924.75,55.40902383,N,10.37928442,E,4,11,3.643,M,39.447,M,0.8,0015*44,Light Fixture,Three lights,
12,13/11/2020,101147.95,55.40898263,N,10.37912798,E,4,14,3.745,M,39.447,M,2,0015*4F,Downspout Grille,,
13,13/11/2020,101246.95,55.40911783,N,10.37926682,E,4,14,4.017,M,39.447,M,0.9,0015*4A,Trash Can,,
14,13/11/2020,101324.55,55.40910272,N,10.37896217,E,4,13,4.136,M,39.447,M,1.5,0015*48,Light Fixture,Three lights,
15,13/11/2020,101422.9,55.4093385,N,10.37873718,E,4,13,4.122,M,39.447,M,0.9,0015*4B,Light Fixture,,
16,13/11/2020,101505.65,55.4092261,N,10.37842897,E,4,14,4.059,M,39.447,M,1.6,0015*40,Downspout Grille,,
17,13/11/2020,101533.95,55.40916703,N,10.37826412,E,4,14,4.007,M,39.447,M,2,0015*42,Downspout Grille,,
18,13/11/2020,101615.35,55.40909205,N,10.37788663,E,4,14,4.097,M,39.447,M,1.4,0015*4F,Light Fixture,,
19,13/11/2020,101706.85,55.409039,N,10.37809882,E,4,14,4.015,M,39.447,M,1.9,0015*4F,Downspout Grille,,
20,13/11/2020,101831.55,55.40890697,N,10.37879488,E,4,13,4.018,M,39.447,M,1.5,0015*47,Trash Can,,
21,13/11/2020,101858.6,55.4088915,N,10.378826,E,4,12,3.869,M,39.447,M,1.6,0015*4A,Light Fixture,,
22,13/11/2020,101931.85,55.4088448,N,10.37867443,E,4,13,3.746,M,39.447,M,0.9,0015*4A,Downspout Grille,,
23,13/11/2020,102007.3,55.40876932,N,10.37843112,E,4,13,3.835,M,39.447,M,1.3,0015*4E,Downspout Grille,,
24,13/11/2020,102038,55.4087389,N,10.37833078,E,4,10,4.045,M,39.447,M,1,0015*46,Light Fixture,,
25,13/11/2020,102112.55,55.40877677,N,10.37815253,E,4,9,4.209,M,39.447,M,1.5,0015*43,Tree,,
26,13/11/2020,102134.95,55.40877018,N,10.3781234,E,4,12,4.211,M,39.447,M,2,0015*43,Trash Can,,
27,13/11/2020,102212.85,55.40874573,N,10.37810685,E,4,12,4.018,M,39.447,M,0.9,0015*4F,Bench,,
28,13/11/2020,102253.25,55.40875427,N,10.37807263,E,4,12,4.491,M,39.447,M,1.3,0015*4A,Bench,,
29,13/11/2020,102305,55.40876467,N,10.37810533,E,4,12,4.544,M,39.447,M,1,0015*40,Bench,,
30,13/11/2020,102326.55,55.40868187,N,10.37818968,E,4,12,3.895,M,39.447,M,1.5,0015*4D,Manhole Cover,Square,
31,13/11/2020,102428.8,55.40863473,N,10.37797785,E,4,13,3.813,M,39.447,M,1.8,0015*46,Downspout Grille,,
32,13/11/2020,102452.65,55.40863388,N,10.37799372,E,4,13,3.844,M,39.447,M,0.6,0015*47,Light Fixture,,
33,13/11/2020,102544.25,55.40848953,N,10.37773517,E,4,14,3.793,M,39.447,M,1.3,0015*4F,Downspout Grille,,
34,13/11/2020,102611.85,55.40846725,N,10.37790207,E,4,14,3.901,M,39.447,M,1.9,0015*41,Trash Can,,
35,13/11/2020,102628.9,55.40845693,N,10.37791337,E,4,14,3.808,M,39.447,M,0.9,0015*42,Trash Can,,
36,13/11/2020,102648.75,55.40844043,N,10.37787932,E,4,13,4.514,M,39.447,M,1.8,0015*44,Bench,,
37,13/11/2020,102700.7,55.40841032,N,10.37789965,E,4,13,4.501,M,39.447,M,1.7,0015*4E,Bench,,
38,13/11/2020,102733.35,55.4083706,N,10.3778671,E,4,13,3.734,M,39.447,M,1.4,0015*46,Downspout Grille,,
39,13/11/2020,102806.85,55.40836188,N,10.37763602,E,4,12,3.716,M,39.447,M,1.9,0015*46,Manhole Cover,Small Manhole Cover,
40,13/11/2020,102819.65,55.40835588,N,10.37762567,E,4,12,3.764,M,39.447,M,1.6,0015*49,Downspout Grille,,
41,13/11/2020,102826.6,55.4083552,N,10.377624,E,4,12,3.767,M,39.447,M,1.6,0015*45,Downspout Grille,,
42,13/11/2020,102901.65,55.40823058,N,10.37761822,E,4,12,3.79,M,39.447,M,1.6,0015*47,Downspout Grille,,
43,13/11/2020,102921.4,55.40822523,N,10.37772142,E,4,12,3.767,M,39.447,M,1.4,0015*46,Downspout Grille,,
45,13/11/2020,103001.3,55.40817303,N,10.37779662,E,4,13,4.492,M,39.447,M,1.3,0015*4F,Bench,,
46,13/11/2020,103026.05,55.40810283,N,10.37785395,E,4,13,3.751,M,39.447,M,1,0015*49,Downspout Grille,,
47,13/11/2020,103047.1,55.40812563,N,10.37790128,E,4,12,3.841,M,39.447,M,1.1,0015*40,Trash Can,,
48,13/11/2020,103128.7,55.40809712,N,10.37761233,E,4,13,3.799,M,39.447,M,1.7,0015*40,Downspout Grille,,
49,13/11/2020,103201.65,55.40796185,N,10.37760478,E,4,14,3.782,M,39.447,M,1.6,0015*4B,Downspout Grille,,
50,13/11/2020,103246.15,55.40782205,N,10.37760915,E,4,13,3.764,M,39.447,M,1.1,0015*4B,Manhole Cover,Medium Manhole Cover,
51,13/11/2020,103327.15,55.40755828,N,10.37758747,E,4,14,3.773,M,39.447,M,1.1,0015*42,Downspout Grille,,
52,13/11/2020,103418.65,55.40769435,N,10.37768627,E,5,13,-1.462,M,39.447,M,1.6,0015*64,Downspout Grille,,
53,13/11/2020,103458.7,55.40754353,N,10.37767195,E,4,11,3.767,M,39.447,M,1.7,0015*46,Trash Can,,
54,13/11/2020,103540.3,55.40769747,N,10.3778345,E,4,12,3.673,M,39.447,M,1.3,0015*45,Downspout Grille,,
55,13/11/2020,103603.5,55.4078255,N,10.37784073,E,4,13,3.688,M,39.447,M,1.5,0015*41,Downspout Grille,,
56,13/11/2020,103648.55,55.40760772,N,10.37816503,E,4,8,4.148,M,39.447,M,1.5,0015*4B,Light Fixture,Very big lamppost,
57,13/11/2020,103758.1,55.4077768,N,10.37813337,E,5,4,5.387,M,39.447,M,1.1,0015*4E,Manhole Cover,Small Manhole Cover,
58,13/11/2020,103844.05,55.40797772,N,10.37817968,E,4,8,4.072,M,39.447,M,1,0015*4A,Light Fixture,Very big lamppost,
59,13/11/2020,103917.5,55.4079981,N,10.37804888,E,4,11,3.66,M,39.447,M,1.5,0015*4C,Downspout Grille,,
60,13/11/2020,104021.75,55.40803693,N,10.37810645,E,4,10,4.027,M,39.447,M,1.8,0015*48,Light Fixture,,
61,13/11/2020,104115.45,55.40807283,N,10.37846015,E,4,13,3.705,M,39.447,M,1.5,0015*47,Manhole Cover,,
62,13/11/2020,104141.55,55.40814045,N,10.37846708,E,4,10,3.714,M,39.447,M,1.5,0015*43,Light Fixture,,
63,13/11/2020,104213.15,55.40817485,N,10.37858545,E,4,12,3.735,M,39.447,M,1.1,0015*42,Trash Can,,
64,13/11/2020,104251.05,55.40827983,N,10.37842612,E,4,12,3.814,M,39.447,M,2,0015*4B,Fuse Box,,
65,13/11/2020,104317,55.40838022,N,10.37835643,E,4,12,3.692,M,39.447,M,2,0015*48,Downspout Grille,,
66,13/11/2020,104333.15,55.40838998,N,10.37838278,E,4,11,3.688,M,39.447,M,1.1,0015*48,Downspout Grille,,
67,13/11/2020,104404.8,55.40839612,N,10.37822432,E,4,13,3.898,M,39.447,M,1.8,0015*46,Light Fixture,,
68,13/11/2020,104435.05,55.4083109,N,10.37807837,E,4,9,3.669,M,39.447,M,1,0015*43,Downspout Grille,,
69,13/11/2020,104514.65,55.40853862,N,10.3782049,E,4,12,3.924,M,39.447,M,1.6,0015*45,Downspout Grille,,
70,13/11/2020,104533.3,55.40854625,N,10.37823178,E,4,13,3.829,M,39.447,M,1.3,0015*42,Downspout Grille,,
71,13/11/2020,104552.3,55.4085806,N,10.37815433,E,4,9,4.034,M,39.447,M,1.3,0015*42,Trash Can,,
73,13/11/2020,104906.6,55.40860007,N,10.37834698,E,4,9,3.778,M,39.447,M,1.6,0015*4D,Downspout Grille,,
74,13/11/2020,104918.7,55.4086142,N,10.3783863,E,4,6,3.976,M,39.447,M,1.7,0015*4C,Trash Can,Grey,
75,13/11/2020,104956.35,55.40845673,N,10.37848728,E,4,9,3.672,M,39.447,M,1.4,0015*45,Downspout Grille,,
76,13/11/2020,105017.4,55.40838982,N,10.37838378,E,4,12,3.706,M,39.447,M,1.4,0015*42,Downspout Grille,,
77,13/11/2020,105028.45,55.4083804,N,10.37835688,E,4,13,3.698,M,39.447,M,1.5,0015*42,Downspout Grille,,
78,13/11/2020,105101.7,55.4083216,N,10.3786119,E,4,12,3.597,M,39.447,M,1.7,0015*41,Downspout Grille,,
79,13/11/2020,105229.85,55.4080982,N,10.37873175,E,4,12,3.931,M,39.447,M,0.9,0015*4F,Trash Can,,
80,13/11/2020,105304.25,55.4079768,N,10.37862635,E,4,10,3.803,M,39.447,M,1.3,0015*4B,Light Fixture,,
81,13/11/2020,105405.65,55.40769783,N,10.37861383,E,4,8,4.168,M,39.447,M,1.6,0015*44,Light Fixture,,
82,13/11/2020,105438.7,55.40758118,N,10.37868562,E,4,13,4.871,M,39.447,M,1.7,0015*4A,Bench,,
83,13/11/2020,105529.9,55.40771495,N,10.37894293,E,4,12,4.77,M,39.447,M,0.9,0015*48,Bench,,
84,13/11/2020,105826.45,55.40782965,N,10.37908145,E,4,10,3.992,M,39.447,M,1.5,0015*46,Manhole Cover,,
85,13/11/2020,105848.75,55.40788957,N,10.37903238,E,4,8,3.879,M,39.447,M,0.8,0015*41,Downspout Grille,,
86,13/11/2020,105925.5,55.40787227,N,10.37906963,E,4,8,3.979,M,39.447,M,1.5,0015*48,Manhole Cover,Small Manhole Cover,
87,13/11/2020,105948.2,55.40777245,N,10.37914717,E,4,11,3.873,M,39.447,M,1.2,0015*46,Downspout Grille,,
88,13/11/2020,110013.45,55.40787292,N,10.3791843,E,4,10,3.887,M,39.447,M,1.5,0015*4F,Manhole Cover,,
89,13/11/2020,110043.05,55.40785855,N,10.37929158,E,4,8,3.977,M,39.447,M,1,0015*47,Manhole Cover,,
90,13/11/2020,110106.05,55.4078924,N,10.37925382,E,4,8,3.924,M,39.447,M,1,0015*45,Manhole Cover,,
91,13/11/2020,110126.95,55.40789802,N,10.37927647,E,4,7,3.757,M,39.447,M,0.9,0015*4E,Downspout Grille,,
92,13/11/2020,110150.35,55.4079164,N,10.37931217,E,4,6,4.078,M,39.447,M,1.4,0015*49,Manhole Cover,Small Manhole Cover,
93,13/11/2020,110234.45,55.40791058,N,10.37945057,E,4,10,4.132,M,39.447,M,1.5,0015*49,Manhole Cover,Small Manhole Cover,
94,13/11/2020,110252.2,55.40790165,N,10.37946947,E,4,8,4.234,M,39.447,M,1.2,0015*4C,Manhole Cover,Square (looks different),
95,13/11/2020,110312.95,55.40788513,N,10.3794764,E,4,9,4.348,M,39.447,M,2,0015*44,Manhole Cover,Small Manhole Cover,
96,13/11/2020,110406.15,55.4079883,N,10.37955532,E,4,7,3.915,M,39.447,M,1.1,0015*44,Downspout Grille,,
97,13/11/2020,110425,55.40801668,N,10.37963422,E,4,5,3.886,M,39.447,M,5,0015*71,Light Fixture,,
98,13/11/2020,110459.15,55.40802507,N,10.3796762,E,4,5,3.856,M,39.447,M,5.2,0015*70,Downspout Grille,,
99,13/11/2020,110706.95,55.40807225,N,10.37995038,E,4,9,3.95,M,39.447,M,2,0015*43,Manhole Cover,Small Square,
100,13/11/2020,110815.8,55.40806728,N,10.37980582,E,4,6,3.843,M,39.447,M,1.8,0015*45,Downspout Grille,,
101,13/11/2020,110856.95,55.40800708,N,10.37989703,E,4,7,5.053,M,39.447,M,2,0015*46,Manhole Cover,,
103,13/11/2020,111136.45,55.40804092,N,10.3800032,E,4,10,4.006,M,39.447,M,1.5,0015*43,Manhole Cover,Small Manhole Cover,
104,13/11/2020,111153.95,55.40803178,N,10.38000527,E,4,8,3.982,M,39.447,M,0.9,0015*4B,Manhole Cover,Small Manhole Cover,
105,13/11/2020,111218.15,55.40801153,N,10.38002188,E,4,6,4.187,M,39.447,M,1.1,0015*4F,Manhole Cover,Small Manhole Cover,
106,13/11/2020,111236.35,55.40797568,N,10.38005285,E,4,6,3.873,M,39.447,M,1.4,0015*48,Manhole Cover,Small Manhole Cover,
107,13/11/2020,111422.45,55.4081256,N,10.38019453,E,4,10,3.802,M,39.447,M,1.5,0015*4B,Downspout Grille,,
108,13/11/2020,111449,55.40814615,N,10.380146,E,4,11,3.793,M,39.447,M,1,0015*4A,Manhole Cover,"Square, half of it is always covered",
109,13/11/2020,111506.8,55.40815038,N,10.38009085,E,4,10,3.83,M,39.447,M,1.8,0015*4A,Manhole Cover,,
110,13/11/2020,111520.95,55.4081669,N,10.38010688,E,4,8,3.862,M,39.447,M,2,0015*4D,Light Fixture,,
111,13/11/2020,111619.55,55.40804448,N,10.38002437,E,4,10,3.963,M,39.447,M,1.5,0015*4C,Light Fixture,,
112,13/11/2020,111642.9,55.4079603,N,10.3800098,E,5,7,-2.337,M,39.447,M,0.9,0015*53,Light Fixture,,
113,13/11/2020,111735.85,55.4081197,N,10.37991945,E,4,9,4.119,M,39.447,M,0.9,0015*49,Light Fixture,,
114,13/11/2020,111836.65,55.40834683,N,10.37998107,E,4,11,3.776,M,39.447,M,1.6,0015*41,Downspout Grille,,
115,13/11/2020,111905.05,55.40838418,N,10.37994357,E,4,12,3.902,M,39.447,M,1,0015*48,Trash Can,,
116,13/11/2020,111950.35,55.40846078,N,10.37987092,E,4,13,3.754,M,39.447,M,1.4,0015*47,Downspout Grille,,
117,13/11/2020,112005.7,55.40845398,N,10.37986125,E,4,13,3.746,M,39.447,M,1.7,0015*44,Manhole Cover,Small Manhole Cover,
118,13/11/2020,112052.95,55.40827442,N,10.37977042,E,4,9,3.905,M,39.447,M,0.9,0015*4D,Manhole Cover,Small Manhole Cover,
119,13/11/2020,112130.05,55.40844165,N,10.37970865,E,4,13,3.81,M,39.447,M,1,0015*4A,Downspout Grille,,
120,13/11/2020,112153.6,55.40854093,N,10.37974382,E,4,11,3.793,M,39.447,M,1.6,0015*4A,Light Fixture,,
121,13/11/2020,112232.35,55.40856543,N,10.37969352,E,4,13,3.79,M,39.447,M,1.4,0015*40,Manhole Cover,,
122,13/11/2020,112252.85,55.40857592,N,10.3797603,E,4,12,3.734,M,39.447,M,0.9,0015*4F,Downspout Grille,,
123,13/11/2020,112317.3,55.40867368,N,10.37966698,E,4,10,3.811,M,39.447,M,1.3,0015*43,Trash Can,,
124,13/11/2020,112343.1,55.40868992,N,10.37965122,E,4,10,3.734,M,39.447,M,1.1,0015*49,Downspout Grille,,
125,13/11/2020,112413.7,55.40863748,N,10.37943668,E,4,11,3.957,M,39.447,M,1.7,0015*4A,Manhole Cover,Small Manhole Cover,
126,13/11/2020,112456.05,55.40870612,N,10.37937378,E,4,9,3.914,M,39.447,M,1,0015*4C,Manhole Cover,Small Manhole Cover,
127,13/11/2020,112513.1,55.40871272,N,10.37934693,E,4,9,3.961,M,39.447,M,1.1,0015*46,Manhole Cover,Small Manhole Cover,
128,13/11/2020,112530.15,55.40875085,N,10.379321,E,4,9,3.981,M,39.447,M,1.1,0015*4B,Manhole Cover,Small Manhole Cover,
129,13/11/2020,112552.6,55.4088134,N,10.37925388,E,4,9,3.952,M,39.447,M,1.6,0015*4B,Manhole Cover,Small Manhole Cover,
130,13/11/2020,112630.05,55.40881512,N,10.37929257,E,4,9,3.793,M,39.447,M,2,0015*4C,Downspout Grille,,
131,13/11/2020,112659.4,55.40892073,N,10.37942943,E,4,10,3.696,M,39.447,M,1.4,0015*4F,Downspout Grille,,
132,13/11/2020,112730.9,55.40880552,N,10.37954095,E,4,12,3.689,M,39.447,M,1.9,0015*48,Downspout Grille,,
133,13/11/2020,112758.45,55.40882448,N,10.37946705,E,4,13,4.208,M,39.447,M,1.5,0015*40,Bench,,
134,13/11/2020,112829.35,55.40880358,N,10.37948918,E,4,12,4.207,M,39.447,M,1.4,0015*49,Bench,,
135,13/11/2020,113102.75,55.40904958,N,10.37831602,E,4,13,3.968,M,39.447,M,1.8,0015*4C,Downspout Grille,,
136,13/11/2020,113300.6,55.40863692,N,10.37943528,E,4,9,3.884,M,39.447,M,1.6,0015*45,Manhole Cover,Small Manhole Cover,
137,13/11/2020,113332.1,55.40850388,N,10.3794959,E,4,11,4.204,M,39.447,M,1.1,0015*43,Manhole Cover,Big and grey,Belongs to vandcenter syd
138,13/11/2020,113356.25,55.40846717,N,10.37953358,E,4,11,4.174,M,39.447,M,1.3,0015*46,Manhole Cover,Big and grey,Belongs to vandcenter syd
139,13/11/2020,113432.9,55.40837973,N,10.37964213,E,4,12,3.983,M,39.447,M,0.9,0015*4A,Manhole Cover,,
140,13/11/2020,113454.95,55.40836905,N,10.37966612,E,4,11,3.962,M,39.447,M,0.9,0015*4E,Manhole Cover,,
141,13/11/2020,113529.95,55.40836437,N,10.3794695,E,4,9,4.047,M,39.447,M,2,0015*4B,Downspout Grille,,
142,13/11/2020,113619.6,55.4083087,N,10.37928552,E,4,10,4.02,M,39.447,M,1.6,0015*4C,Downspout Grille,,
143,13/11/2020,113703.75,55.4083506,N,10.37913595,E,4,11,4.192,M,39.447,M,1.8,0015*4F,Light Fixture,,
144,13/11/2020,113817.75,55.40825085,N,10.37880713,E,4,12,4.217,M,39.447,M,1.8,0015*4C,Light Fixture,,
145,13/11/2020,113913.15,55.40807895,N,10.37885033,E,4,11,3.773,M,39.447,M,1.1,0015*44,Downspout Grille,,
146,13/11/2020,113934.15,55.40803882,N,10.37893538,E,4,10,3.965,M,39.447,M,1.1,0015*49,Manhole Cover,Square,
147,13/11/2020,114007.5,55.40812793,N,10.37913062,E,4,11,3.985,M,39.447,M,1.5,0015*49,Manhole Cover,Square,
148,13/11/2020,114033.95,55.40812133,N,10.3790091,E,4,11,4.131,M,39.447,M,0.9,0015*47,Bench,,
149,13/11/2020,114055.75,55.4080874,N,10.37901462,E,4,12,4.489,M,39.447,M,1.8,0015*4F,Bench,,
150,13/11/2020,114120.55,55.40807405,N,10.37897335,E,4,12,4.426,M,39.447,M,1.5,0015*44,Bench,,
151,13/11/2020,114151.7,55.40806163,N,10.3789314,E,4,12,4.425,M,39.447,M,1.7,0015*44,Bench,,
152,13/11/2020,114228.35,55.40816573,N,10.37912287,E,4,11,3.908,M,39.447,M,1.4,0015*4B,Trash Can,,
153,13/11/2020,114343.1,55.40814363,N,10.37933338,E,5,7,3.545,M,39.447,M,1.1,0015*45,Light Fixture,,
154,13/11/2020,114444.8,55.40824173,N,10.37931172,E,4,9,3.781,M,39.447,M,0.8,0015*48,Downspout Grille,,
155,13/11/2020,114519.1,55.40827622,N,10.37947438,E,4,5,3.68,M,39.447,M,13.1,0015*76,Trash Can,,
156,13/11/2020,114615.55,55.4082954,N,10.3794644,E,4,8,3.617,M,39.447,M,1.5,0015*46,Manhole Cover,Small Square,
157,13/11/2020,114828.3,55.40862263,N,10.37942328,E,4,6,3.965,M,39.447,M,1.3,0015*49,Building Corner,,
158,13/11/2020,114924.7,55.4088989,N,10.37915825,E,4,11,3.968,M,39.447,M,1.7,0015*45,Building Corner,,
159,13/11/2020,115003.45,55.40889007,N,10.37907577,E,4,10,3.828,M,39.447,M,1.5,0015*4F,Downspout Grille,,
160,13/11/2020,115034.75,55.40879433,N,10.37876665,E,4,11,3.836,M,39.447,M,0.8,0015*4C,Downspout Grille,,
161,13/11/2020,115055.95,55.40877222,N,10.378692,E,4,10,4.004,M,39.447,M,2,0015*4E,Downspout Grille,,
162,13/11/2020,115126.2,55.4086922,N,10.37844207,E,4,10,3.858,M,39.447,M,1.2,0015*4F,Downspout Grille,,
163,13/11/2020,115147.65,55.40865672,N,10.37838202,E,4,6,3.921,M,39.447,M,1.6,0015*41,Building Corner,,
164,13/11/2020,115241.55,55.40838167,N,10.37864852,E,4,7,3.74,M,39.447,M,1.5,0015*43,Building Corner,,
165,13/11/2020,115418.35,55.40835418,N,10.37968132,E,4,11,3.926,M,39.447,M,1.4,0015*46,Building Corner,,
